{"V": [0, 1, 2, 3, 4, 5, 6, 7, 8, 9, 10, 11, 12, 13, 14, 15, 16, 17, 18, 19, 20, 21], "PHOSP": [6, 7, 8, 9, 10], "DHOSP": [11, 12, 13, 14, 15], "HOSP": [6, 7, 8, 9, 10, 11, 12, 13, 14, 15], "PHOME": [1, 2, 3, 4, 5], "DHOME": [16, 17, 18, 19, 20], "HOME": [1, 2, 3, 4, 5, 16, 17, 18, 19, 20], "P": [1, 2, 3, 4, 5, 6, 7, 8, 9, 10], "D": [11, 12, 13, 14, 15, 16, 17, 18, 19, 20], "PD": [1, 2, 3, 4, 5, 6, 7, 8, 9, 10, 11, 12, 13, 14, 15, 16, 17, 18, 19, 20], "n": 10, "Q": 7, "q": [0.0, 0.0, 0.0, 0.0, 1.0, 0.0, 0.0, 0.0, 0.0, 0.0, 0.0, 0.0, 0.0, 0.0, 0.0, 0.0, 0.0, 0.0, 0.0, 0.0, 0.0, 0.0], "t": [[0.0, 0.0, 0.0, 0.0, 0.0, 0.0, 0.0, 0.0, 0.0, 0.0, 0.0, 0.0, 0.0, 0.0, 0.0, 0.0, 0.0, 0.0, 0.0, 0.0, 0.0, 0.0], [0.0, 0.0, 1.2666666666666666, 0.0, 0.0, 25.35, 73.96666666666667, 0.0, 73.96666666666667, 0.0, 0.0, 73.96666666666667, 0.0, 73.96666666666667, 0.0, 0.0, 0.0, 1.2666666666666666, 0.0, 0.0, 25.35, 0.0], [0.0, 1.2666666666666666, 0.0, 1.2666666666666666, 1.2666666666666666, 26.616666666666667, 72.7, 1.2666666666666666, 72.7, 1.2666666666666666, 1.2666666666666666, 72.7, 1.2666666666666666, 72.7, 1.2666666666666666, 1.2666666666666666, 1.2666666666666666, 0.0, 1.2666666666666666, 1.2666666666666666, 26.616666666666667, 0.0], [0.0, 0.0, 1.2666666666666666, 0.0, 0.0, 25.35, 73.96666666666667, 0.0, 73.96666666666667, 0.0, 0.0, 73.96666666666667, 0.0, 73.96666666666667, 0.0, 0.0, 0.0, 1.2666666666666666, 0.0, 0.0, 25.35, 0.0], [0.0, 0.0, 1.2666666666666666, 0.0, 0.0, 25.35, 73.96666666666667, 0.0, 73.96666666666667, 0.0, 0.0, 73.96666666666667, 0.0, 73.96666666666667, 0.0, 0.0, 0.0, 1.2666666666666666, 0.0, 0.0, 25.35, 0.0], [0.0, 25.35, 26.616666666666667, 25.35, 25.35, 0.0, 99.31666666666666, 25.35, 99.31666666666666, 25.35, 25.35, 99.31666666666666, 25.35, 99.31666666666666, 25.35, 25.35, 25.35, 26.616666666666667, 25.35, 25.35, 0.0, 0.0], [0.0, 73.95, 72.66666666666667, 73.95, 73.95, 99.3, 0.0, 73.95, 0.0, 73.95, 73.95, 0.0, 73.95, 0.0, 73.95, 73.95, 73.95, 72.66666666666667, 73.95, 73.95, 99.3, 0.0], [0.0, 0.0, 1.2666666666666666, 0.0, 0.0, 25.35, 73.96666666666667, 0.0, 73.96666666666667, 0.0, 0.0, 73.96666666666667, 0.0, 73.96666666666667, 0.0, 0.0, 0.0, 1.2666666666666666, 0.0, 0.0, 25.35, 0.0], [0.0, 73.95, 72.66666666666667, 73.95, 73.95, 99.3, 0.0, 73.95, 0.0, 73.95, 73.95, 0.0, 73.95, 0.0, 73.95, 73.95, 73.95, 72.66666666666667, 73.95, 73.95, 99.3, 0.0], [0.0, 0.0, 1.2666666666666666, 0.0, 0.0, 25.35, 73.96666666666667, 0.0, 73.96666666666667, 0.0, 0.0, 73.96666666666667, 0.0, 73.96666666666667, 0.0, 0.0, 0.0, 1.2666666666666666, 0.0, 0.0, 25.35, 0.0], [0.0, 0.0, 1.2666666666666666, 0.0, 0.0, 25.35, 73.96666666666667, 0.0, 73.96666666666667, 0.0, 0.0, 73.96666666666667, 0.0, 73.96666666666667, 0.0, 0.0, 0.0, 1.2666666666666666, 0.0, 0.0, 25.35, 0.0], [0.0, 73.95, 72.66666666666667, 73.95, 73.95, 99.3, 0.0, 73.95, 0.0, 73.95, 73.95, 0.0, 73.95, 0.0, 73.95, 73.95, 73.95, 72.66666666666667, 73.95, 73.95, 99.3, 0.0], [0.0, 0.0, 1.2666666666666666, 0.0, 0.0, 25.35, 73.96666666666667, 0.0, 73.96666666666667, 0.0, 0.0, 73.96666666666667, 0.0, 73.96666666666667, 0.0, 0.0, 0.0, 1.2666666666666666, 0.0, 0.0, 25.35, 0.0], [0.0, 73.95, 72.66666666666667, 73.95, 73.95, 99.3, 0.0, 73.95, 0.0, 73.95, 73.95, 0.0, 73.95, 0.0, 73.95, 73.95, 73.95, 72.66666666666667, 73.95, 73.95, 99.3, 0.0], [0.0, 0.0, 1.2666666666666666, 0.0, 0.0, 25.35, 73.96666666666667, 0.0, 73.96666666666667, 0.0, 0.0, 73.96666666666667, 0.0, 73.96666666666667, 0.0, 0.0, 0.0, 1.2666666666666666, 0.0, 0.0, 25.35, 0.0], [0.0, 0.0, 1.2666666666666666, 0.0, 0.0, 25.35, 73.96666666666667, 0.0, 73.96666666666667, 0.0, 0.0, 73.96666666666667, 0.0, 73.96666666666667, 0.0, 0.0, 0.0, 1.2666666666666666, 0.0, 0.0, 25.35, 0.0], [0.0, 0.0, 1.2666666666666666, 0.0, 0.0, 25.35, 73.96666666666667, 0.0, 73.96666666666667, 0.0, 0.0, 73.96666666666667, 0.0, 73.96666666666667, 0.0, 0.0, 0.0, 1.2666666666666666, 0.0, 0.0, 25.35, 0.0], [0.0, 1.2666666666666666, 0.0, 1.2666666666666666, 1.2666666666666666, 26.616666666666667, 72.7, 1.2666666666666666, 72.7, 1.2666666666666666, 1.2666666666666666, 72.7, 1.2666666666666666, 72.7, 1.2666666666666666, 1.2666666666666666, 1.2666666666666666, 0.0, 1.2666666666666666, 1.2666666666666666, 26.616666666666667, 0.0], [0.0, 0.0, 1.2666666666666666, 0.0, 0.0, 25.35, 73.96666666666667, 0.0, 73.96666666666667, 0.0, 0.0, 73.96666666666667, 0.0, 73.96666666666667, 0.0, 0.0, 0.0, 1.2666666666666666, 0.0, 0.0, 25.35, 0.0], [0.0, 0.0, 1.2666666666666666, 0.0, 0.0, 25.35, 73.96666666666667, 0.0, 73.96666666666667, 0.0, 0.0, 73.96666666666667, 0.0, 73.96666666666667, 0.0, 0.0, 0.0, 1.2666666666666666, 0.0, 0.0, 25.35, 0.0], [0.0, 25.35, 26.616666666666667, 25.35, 25.35, 0.0, 99.31666666666666, 25.35, 99.31666666666666, 25.35, 25.35, 99.31666666666666, 25.35, 99.31666666666666, 25.35, 25.35, 25.35, 26.616666666666667, 25.35, 25.35, 0.0, 0.0], [0.0, 0.0, 0.0, 0.0, 0.0, 0.0, 0.0, 0.0, 0.0, 0.0, 0.0, 0.0, 0.0, 0.0, 0.0, 0.0, 0.0, 0.0, 0.0, 0.0, 0.0, 0.0]], "T": [190, 190, 190, 190, 190, 190, 190, 190, 190, 190], "s": [0, 1, 1, 1, 1, 1, 1, 1, 1, 1, 1, 1, 1, 1, 1, 1, 1, 1, 1, 1, 1, 0], "e": [360.0, 435.0, 472.0, 538.0, 326.0, 715.0, 756.0, 827.0, 855.0, 609.0, 1034.0, 615.0, 653.0, 719.0, 507.0, 896.0, 830.95, 829.2666666666667, 929.95, 610.0, 1060.35, 0.0], "a": [null, [435.0, 450.0, 465.0, 480.0, 495.0, 510.0, 525.0, 540.0, 555.0, 570.0, 585.0], [485.0, 500.0, 515.0, 530.0, 545.0, 560.0, 575.0, 590.0, 605.0, 620.0, 635.0, 650.0, 665.0, 680.0, 695.0], [539.0, 554.0, 569.0, 584.0, 599.0, 614.0, 629.0, 644.0, 659.0, 674.0, 689.0], [326.0, 341.0, 356.0, 371.0, 386.0, 401.0, 416.0, 431.0, 446.0, 461.0, 476.0, 491.0, 506.0, 521.0, 536.0, 551.0], [719.0, 734.0, 749.0, 764.0, 779.0, 794.0, 809.0, 824.0, 839.0, 854.0, 869.0, 884.0, 899.0, 914.0], null, null, null, null, null, null, null, null, null, null, [832.0, 847.0, 862.0, 877.0, 892.0, 907.0, 922.0, 937.0, 952.0, 967.0, 982.0], [843.0, 858.0, 873.0, 888.0, 903.0, 918.0, 933.0, 948.0, 963.0, 978.0, 993.0, 1008.0, 1023.0, 1038.0, 1053.0], [931.0, 946.0, 961.0, 976.0, 991.0, 1006.0, 1021.0, 1036.0, 1051.0, 1066.0, 1081.0], [610.0, 625.0, 640.0, 655.0, 670.0, 685.0, 700.0, 715.0, 730.0, 745.0, 760.0, 775.0, 790.0, 805.0, 820.0, 835.0], [1065.0, 1080.0, 1095.0, 1110.0, 1125.0, 1140.0, 1155.0, 1170.0, 1185.0, 1200.0, 1215.0, 1230.0, 1245.0, 1260.0], null], "b": [null, [450.0, 465.0, 480.0, 495.0, 510.0, 525.0, 540.0, 555.0, 570.0, 585.0, 600.0], [500.0, 515.0, 530.0, 545.0, 560.0, 575.0, 590.0, 605.0, 620.0, 635.0, 650.0, 665.0, 680.0, 695.0, 710.0], [554.0, 569.0, 584.0, 599.0, 614.0, 629.0, 644.0, 659.0, 674.0, 689.0, 704.0], [341.0, 356.0, 371.0, 386.0, 401.0, 416.0, 431.0, 446.0, 461.0, 476.0, 491.0, 506.0, 521.0, 536.0, 551.0, 566.0], [734.0, 749.0, 764.0, 779.0, 794.0, 809.0, 824.0, 839.0, 854.0, 869.0, 884.0, 899.0, 914.0, 929.0], null, null, null, null, null, null, null, null, null, null, [847.0, 862.0, 877.0, 892.0, 907.0, 922.0, 937.0, 952.0, 967.0, 982.0, 997.0], [858.0, 873.0, 888.0, 903.0, 918.0, 933.0, 948.0, 963.0, 978.0, 993.0, 1008.0, 1023.0, 1038.0, 1053.0, 1068.0], [946.0, 961.0, 976.0, 991.0, 1006.0, 1021.0, 1036.0, 1051.0, 1066.0, 1081.0, 1096.0], [625.0, 640.0, 655.0, 670.0, 685.0, 700.0, 715.0, 730.0, 745.0, 760.0, 775.0, 790.0, 805.0, 820.0, 835.0, 850.0], [1080.0, 1095.0, 1110.0, 1125.0, 1140.0, 1155.0, 1170.0, 1185.0, 1200.0, 1215.0, 1230.0, 1245.0, 1260.0, 1275.0], null],