{"V": [0, 1, 2, 3, 4, 5, 6, 7, 8, 9, 10, 11, 12, 13, 14, 15, 16, 17, 18, 19, 20, 21], "PHOSP": [6, 7, 8, 9, 10], "DHOSP": [11, 12, 13, 14, 15], "HOSP": [6, 7, 8, 9, 10, 11, 12, 13, 14, 15], "PHOME": [1, 2, 3, 4, 5], "DHOME": [16, 17, 18, 19, 20], "HOME": [1, 2, 3, 4, 5, 16, 17, 18, 19, 20], "P": [1, 2, 3, 4, 5, 6, 7, 8, 9, 10], "D": [11, 12, 13, 14, 15, 16, 17, 18, 19, 20], "PD": [1, 2, 3, 4, 5, 6, 7, 8, 9, 10, 11, 12, 13, 14, 15, 16, 17, 18, 19, 20], "n": 10, "Q": 7, "q": [0.0, 0.0, 0.0, 0.0, 1.0, 0.0, 0.0, 0.0, 0.0, 0.0, 0.0, 0.0, 0.0, 0.0, 0.0, 0.0, 0.0, 0.0, 0.0, 0.0, 0.0, 0.0], "t": [[0.0, 0.0, 0.0, 0.0, 0.0, 0.0, 0.0, 0.0, 0.0, 0.0, 0.0, 0.0, 0.0, 0.0, 0.0, 0.0, 0.0, 0.0, 0.0, 0.0, 0.0, 0.0], [0.0, 0.0, 16.1, 16.1, 0.0, 0.0, 73.96666666666667, 0.0, 0.0, 73.96666666666667, 73.96666666666667, 73.96666666666667, 0.0, 0.0, 73.96666666666667, 73.96666666666667, 0.0, 16.1, 16.1, 0.0, 0.0, 0.0], [0.0, 16.133333333333333, 0.0, 0.0, 16.133333333333333, 16.133333333333333, 90.1, 16.133333333333333, 16.133333333333333, 90.1, 90.1, 90.1, 16.133333333333333, 16.133333333333333, 90.1, 90.1, 16.133333333333333, 0.0, 0.0, 16.133333333333333, 16.133333333333333, 0.0], [0.0, 16.133333333333333, 0.0, 0.0, 16.133333333333333, 16.133333333333333, 90.1, 16.133333333333333, 16.133333333333333, 90.1, 90.1, 90.1, 16.133333333333333, 16.133333333333333, 90.1, 90.1, 16.133333333333333, 0.0, 0.0, 16.133333333333333, 16.133333333333333, 0.0], [0.0, 0.0, 16.1, 16.1, 0.0, 0.0, 73.96666666666667, 0.0, 0.0, 73.96666666666667, 73.96666666666667, 73.96666666666667, 0.0, 0.0, 73.96666666666667, 73.96666666666667, 0.0, 16.1, 16.1, 0.0, 0.0, 0.0], [0.0, 0.0, 16.1, 16.1, 0.0, 0.0, 73.96666666666667, 0.0, 0.0, 73.96666666666667, 73.96666666666667, 73.96666666666667, 0.0, 0.0, 73.96666666666667, 73.96666666666667, 0.0, 16.1, 16.1, 0.0, 0.0, 0.0], [0.0, 73.95, 90.05, 90.05, 73.95, 73.95, 0.0, 73.95, 73.95, 0.0, 0.0, 0.0, 73.95, 73.95, 0.0, 0.0, 73.95, 90.05, 90.05, 73.95, 73.95, 0.0], [0.0, 0.0, 16.1, 16.1, 0.0, 0.0, 73.96666666666667, 0.0, 0.0, 73.96666666666667, 73.96666666666667, 73.96666666666667, 0.0, 0.0, 73.96666666666667, 73.96666666666667, 0.0, 16.1, 16.1, 0.0, 0.0, 0.0], [0.0, 0.0, 16.1, 16.1, 0.0, 0.0, 73.96666666666667, 0.0, 0.0, 73.96666666666667, 73.96666666666667, 73.96666666666667, 0.0, 0.0, 73.96666666666667, 73.96666666666667, 0.0, 16.1, 16.1, 0.0, 0.0, 0.0], [0.0, 73.95, 90.05, 90.05, 73.95, 73.95, 0.0, 73.95, 73.95, 0.0, 0.0, 0.0, 73.95, 73.95, 0.0, 0.0, 73.95, 90.05, 90.05, 73.95, 73.95, 0.0], [0.0, 73.95, 90.05, 90.05, 73.95, 73.95, 0.0, 73.95, 73.95, 0.0, 0.0, 0.0, 73.95, 73.95, 0.0, 0.0, 73.95, 90.05, 90.05, 73.95, 73.95, 0.0], [0.0, 73.95, 90.05, 90.05, 73.95, 73.95, 0.0, 73.95, 73.95, 0.0, 0.0, 0.0, 73.95, 73.95, 0.0, 0.0, 73.95, 90.05, 90.05, 73.95, 73.95, 0.0], [0.0, 0.0, 16.1, 16.1, 0.0, 0.0, 73.96666666666667, 0.0, 0.0, 73.96666666666667, 73.96666666666667, 73.96666666666667, 0.0, 0.0, 73.96666666666667, 73.96666666666667, 0.0, 16.1, 16.1, 0.0, 0.0, 0.0], [0.0, 0.0, 16.1, 16.1, 0.0, 0.0, 73.96666666666667, 0.0, 0.0, 73.96666666666667, 73.96666666666667, 73.96666666666667, 0.0, 0.0, 73.96666666666667, 73.96666666666667, 0.0, 16.1, 16.1, 0.0, 0.0, 0.0], [0.0, 73.95, 90.05, 90.05, 73.95, 73.95, 0.0, 73.95, 73.95, 0.0, 0.0, 0.0, 73.95, 73.95, 0.0, 0.0, 73.95, 90.05, 90.05, 73.95, 73.95, 0.0], [0.0, 73.95, 90.05, 90.05, 73.95, 73.95, 0.0, 73.95, 73.95, 0.0, 0.0, 0.0, 73.95, 73.95, 0.0, 0.0, 73.95, 90.05, 90.05, 73.95, 73.95, 0.0], [0.0, 0.0, 16.1, 16.1, 0.0, 0.0, 73.96666666666667, 0.0, 0.0, 73.96666666666667, 73.96666666666667, 73.96666666666667, 0.0, 0.0, 73.96666666666667, 73.96666666666667, 0.0, 16.1, 16.1, 0.0, 0.0, 0.0], [0.0, 16.133333333333333, 0.0, 0.0, 16.133333333333333, 16.133333333333333, 90.1, 16.133333333333333, 16.133333333333333, 90.1, 90.1, 90.1, 16.133333333333333, 16.133333333333333, 90.1, 90.1, 16.133333333333333, 0.0, 0.0, 16.133333333333333, 16.133333333333333, 0.0], [0.0, 16.133333333333333, 0.0, 0.0, 16.133333333333333, 16.133333333333333, 90.1, 16.133333333333333, 16.133333333333333, 90.1, 90.1, 90.1, 16.133333333333333, 16.133333333333333, 90.1, 90.1, 16.133333333333333, 0.0, 0.0, 16.133333333333333, 16.133333333333333, 0.0], [0.0, 0.0, 16.1, 16.1, 0.0, 0.0, 73.96666666666667, 0.0, 0.0, 73.96666666666667, 73.96666666666667, 73.96666666666667, 0.0, 0.0, 73.96666666666667, 73.96666666666667, 0.0, 16.1, 16.1, 0.0, 0.0, 0.0], [0.0, 0.0, 16.1, 16.1, 0.0, 0.0, 73.96666666666667, 0.0, 0.0, 73.96666666666667, 73.96666666666667, 73.96666666666667, 0.0, 0.0, 73.96666666666667, 73.96666666666667, 0.0, 16.1, 16.1, 0.0, 0.0, 0.0], [0.0, 0.0, 0.0, 0.0, 0.0, 0.0, 0.0, 0.0, 0.0, 0.0, 0.0, 0.0, 0.0, 0.0, 0.0, 0.0, 0.0, 0.0, 0.0, 0.0, 0.0, 0.0]], "T": [190, 190, 190, 190, 190, 190, 190, 190, 190, 190], "s": [0, 1, 1, 1, 1, 1, 1, 1, 1, 1, 1, 1, 1, 1, 1, 1, 1, 1, 1, 1, 1, 0], "e": [360.0, 590.0, 468.0, 675.0, 449.0, 437.0, 907.0, 777.0, 1009.0, 726.0, 767.0, 770.0, 649.0, 856.0, 630.0, 618.0, 981.95, 794.1, 1026.1, 800.95, 841.95, 0.0], "a": [null, [590.0, 605.0, 620.0, 635.0, 650.0, 665.0, 680.0, 695.0, 710.0, 725.0, 740.0], [481.0, 496.0, 511.0, 526.0, 541.0, 556.0, 571.0, 586.0, 601.0, 616.0, 631.0, 646.0, 661.0, 676.0], [688.0, 703.0, 718.0, 733.0, 748.0, 763.0, 778.0, 793.0, 808.0, 823.0, 838.0, 853.0, 868.0, 883.0], [450.0, 465.0, 480.0, 495.0, 510.0, 525.0, 540.0, 555.0, 570.0, 585.0, 600.0], [438.0, 453.0, 468.0, 483.0, 498.0, 513.0, 528.0, 543.0, 558.0, 573.0, 588.0], null, null, null, null, null, null, null, null, null, null, [983.0, 998.0, 1013.0, 1028.0, 1043.0, 1058.0, 1073.0, 1088.0, 1103.0, 1118.0, 1133.0], [808.0, 823.0, 838.0, 853.0, 868.0, 883.0, 898.0, 913.0, 928.0, 943.0, 958.0, 973.0, 988.0, 1003.0], [1040.0, 1055.0, 1070.0, 1085.0, 1100.0, 1115.0, 1130.0, 1145.0, 1160.0, 1175.0, 1190.0, 1205.0, 1220.0, 1235.0], [802.0, 817.0, 832.0, 847.0, 862.0, 877.0, 892.0, 907.0, 922.0, 937.0, 952.0], [843.0, 858.0, 873.0, 888.0, 903.0, 918.0, 933.0, 948.0, 963.0, 978.0, 993.0], null], "b": [null, [605.0, 620.0, 635.0, 650.0, 665.0, 680.0, 695.0, 710.0, 725.0, 740.0, 755.0], [496.0, 511.0, 526.0, 541.0, 556.0, 571.0, 586.0, 601.0, 616.0, 631.0, 646.0, 661.0, 676.0, 691.0], [703.0, 718.0, 733.0, 748.0, 763.0, 778.0, 793.0, 808.0, 823.0, 838.0, 853.0, 868.0, 883.0, 898.0], [465.0, 480.0, 495.0, 510.0, 525.0, 540.0, 555.0, 570.0, 585.0, 600.0, 615.0], [453.0, 468.0, 483.0, 498.0, 513.0, 528.0, 543.0, 558.0, 573.0, 588.0, 603.0], null, null, null, null, null, null, null, null, null, null, [998.0, 1013.0, 1028.0, 1043.0, 1058.0, 1073.0, 1088.0, 1103.0, 1118.0, 1133.0, 1148.0], [823.0, 838.0, 853.0, 868.0, 883.0, 898.0, 913.0, 928.0, 943.0, 958.0, 973.0, 988.0, 1003.0, 1018.0], [1055.0, 1070.0, 1085.0, 1100.0, 1115.0, 1130.0, 1145.0, 1160.0, 1175.0, 1190.0, 1205.0, 1220.0, 1235.0, 1250.0], [817.0, 832.0, 847.0, 862.0, 877.0, 892.0, 907.0, 922.0, 937.0, 952.0, 967.0], [858.0, 873.0, 888.0, 903.0, 918.0, 933.0, 948.0, 963.0, 978.0, 993.0, 1008.0], null], "p": [null, [3.0, 2.0, 1.0, 0.0, 1.0, 2.0, 3.0, 4.0, 5.0, 6.0, 7.0], [6.0, 5.0, 4.0, 3.0, 2.0, 1.0, 0.0, 1.0, 2.0, 3.0, 4.0, 5.0, 6.0, 7.0], [6.0, 5.0, 4.0, 3.0, 2.0, 1.0, 0.0, 1.0, 2.0, 3.0, 4.0, 5.0, 6.0, 7.0], [4.0, 3.0, 2.0, 1.0, 0.0, 1.0, 2.0, 3.0, 4.0, 5.0, 6.0], [5.0, 4.0, 3.0, 2.0, 1.0, 0.0, 1.0, 2.0, 3.0, 4.0, 5.0], null, null, null, null, null, null, null, null, null, null, [2.0, 1.0, 0.0, 1.0, 2.0, 3.0, 4.0, 5.0, 6.0, 7.0, 8.0], [9.0, 8.0, 7.0, 6.0, 5.0, 4.0, 3.0, 2.0, 1.0, 0.0, 1.0, 2.0, 3.0, 4.0], [3.0, 2.0, 1.0, 0.0, 1.0, 2.0, 3.0, 4.0, 5.0, 6.0, 7.0, 8.0, 9.0, 10.0], [3.0, 2.0, 1.0, 0.0, 1.0, 2.0, 3.0, 4.0, 5.0, 6.0, 7.0], [7.0, 6.0, 5.0, 4.0, 3.0, 2.0, 1.0, 0.0, 1.0, 2.0, 3.0], null],