{"V": [0, 1, 2, 3, 4, 5, 6, 7, 8, 9, 10, 11, 12, 13, 14, 15, 16, 17, 18, 19, 20, 21], "PHOSP": [6, 7, 8, 9, 10], "DHOSP": [11, 12, 13, 14, 15], "HOSP": [6, 7, 8, 9, 10, 11, 12, 13, 14, 15], "PHOME": [1, 2, 3, 4, 5], "DHOME": [16, 17, 18, 19, 20], "HOME": [1, 2, 3, 4, 5, 16, 17, 18, 19, 20], "P": [1, 2, 3, 4, 5, 6, 7, 8, 9, 10], "D": [11, 12, 13, 14, 15, 16, 17, 18, 19, 20], "PD": [1, 2, 3, 4, 5, 6, 7, 8, 9, 10, 11, 12, 13, 14, 15, 16, 17, 18, 19, 20], "n": 10, "Q": 7, "q": [0.0, 0.0, 0.0, 0.0, 1.0, 0.0, 0.0, 0.0, 0.0, 0.0, 0.0, 0.0, 0.0, 0.0, 0.0, 0.0, 0.0, 0.0, 0.0, 0.0, 0.0, 0.0], "t": [[0.0, 0.0, 0.0, 0.0, 0.0, 0.0, 0.0, 0.0, 0.0, 0.0, 0.0, 0.0, 0.0, 0.0, 0.0, 0.0, 0.0, 0.0, 0.0, 0.0, 0.0, 0.0], [0.0, 0.0, 0.0, 16.1, 374.48333333333335, 16.1, 0.0, 73.96666666666667, 0.0, 0.0, 0.0, 0.0, 73.96666666666667, 0.0, 0.0, 0.0, 0.0, 0.0, 16.1, 374.48333333333335, 16.1, 0.0], [0.0, 0.0, 0.0, 16.1, 374.48333333333335, 16.1, 0.0, 73.96666666666667, 0.0, 0.0, 0.0, 0.0, 73.96666666666667, 0.0, 0.0, 0.0, 0.0, 0.0, 16.1, 374.48333333333335, 16.1, 0.0], [0.0, 16.133333333333333, 16.133333333333333, 0.0, 390.6166666666667, 0.0, 16.133333333333333, 90.1, 16.133333333333333, 16.133333333333333, 16.133333333333333, 16.133333333333333, 90.1, 16.133333333333333, 16.133333333333333, 16.133333333333333, 16.133333333333333, 16.133333333333333, 0.0, 390.6166666666667, 0.0, 0.0], [0.0, 374.51666666666665, 374.51666666666665, 390.6333333333333, 0.0, 390.6333333333333, 374.51666666666665, 302.95, 374.51666666666665, 374.51666666666665, 374.51666666666665, 374.51666666666665, 302.95, 374.51666666666665, 374.51666666666665, 374.51666666666665, 374.51666666666665, 374.51666666666665, 390.6333333333333, 0.0, 390.6333333333333, 0.0], [0.0, 16.133333333333333, 16.133333333333333, 0.0, 390.6166666666667, 0.0, 16.133333333333333, 90.1, 16.133333333333333, 16.133333333333333, 16.133333333333333, 16.133333333333333, 90.1, 16.133333333333333, 16.133333333333333, 16.133333333333333, 16.133333333333333, 16.133333333333333, 0.0, 390.6166666666667, 0.0, 0.0], [0.0, 0.0, 0.0, 16.1, 374.48333333333335, 16.1, 0.0, 73.96666666666667, 0.0, 0.0, 0.0, 0.0, 73.96666666666667, 0.0, 0.0, 0.0, 0.0, 0.0, 16.1, 374.48333333333335, 16.1, 0.0], [0.0, 73.95, 73.95, 90.05, 302.78333333333336, 90.05, 73.95, 0.0, 73.95, 73.95, 73.95, 73.95, 0.0, 73.95, 73.95, 73.95, 73.95, 73.95, 90.05, 302.78333333333336, 90.05, 0.0], [0.0, 0.0, 0.0, 16.1, 374.48333333333335, 16.1, 0.0, 73.96666666666667, 0.0, 0.0, 0.0, 0.0, 73.96666666666667, 0.0, 0.0, 0.0, 0.0, 0.0, 16.1, 374.48333333333335, 16.1, 0.0], [0.0, 0.0, 0.0, 16.1, 374.48333333333335, 16.1, 0.0, 73.96666666666667, 0.0, 0.0, 0.0, 0.0, 73.96666666666667, 0.0, 0.0, 0.0, 0.0, 0.0, 16.1, 374.48333333333335, 16.1, 0.0], [0.0, 0.0, 0.0, 16.1, 374.48333333333335, 16.1, 0.0, 73.96666666666667, 0.0, 0.0, 0.0, 0.0, 73.96666666666667, 0.0, 0.0, 0.0, 0.0, 0.0, 16.1, 374.48333333333335, 16.1, 0.0], [0.0, 0.0, 0.0, 16.1, 374.48333333333335, 16.1, 0.0, 73.96666666666667, 0.0, 0.0, 0.0, 0.0, 73.96666666666667, 0.0, 0.0, 0.0, 0.0, 0.0, 16.1, 374.48333333333335, 16.1, 0.0], [0.0, 73.95, 73.95, 90.05, 302.78333333333336, 90.05, 73.95, 0.0, 73.95, 73.95, 73.95, 73.95, 0.0, 73.95, 73.95, 73.95, 73.95, 73.95, 90.05, 302.78333333333336, 90.05, 0.0], [0.0, 0.0, 0.0, 16.1, 374.48333333333335, 16.1, 0.0, 73.96666666666667, 0.0, 0.0, 0.0, 0.0, 73.96666666666667, 0.0, 0.0, 0.0, 0.0, 0.0, 16.1, 374.48333333333335, 16.1, 0.0], [0.0, 0.0, 0.0, 16.1, 374.48333333333335, 16.1, 0.0, 73.96666666666667, 0.0, 0.0, 0.0, 0.0, 73.96666666666667, 0.0, 0.0, 0.0, 0.0, 0.0, 16.1, 374.48333333333335, 16.1, 0.0], [0.0, 0.0, 0.0, 16.1, 374.48333333333335, 16.1, 0.0, 73.96666666666667, 0.0, 0.0, 0.0, 0.0, 73.96666666666667, 0.0, 0.0, 0.0, 0.0, 0.0, 16.1, 374.48333333333335, 16.1, 0.0], [0.0, 0.0, 0.0, 16.1, 374.48333333333335, 16.1, 0.0, 73.96666666666667, 0.0, 0.0, 0.0, 0.0, 73.96666666666667, 0.0, 0.0, 0.0, 0.0, 0.0, 16.1, 374.48333333333335, 16.1, 0.0], [0.0, 0.0, 0.0, 16.1, 374.48333333333335, 16.1, 0.0, 73.96666666666667, 0.0, 0.0, 0.0, 0.0, 73.96666666666667, 0.0, 0.0, 0.0, 0.0, 0.0, 16.1, 374.48333333333335, 16.1, 0.0], [0.0, 16.133333333333333, 16.133333333333333, 0.0, 390.6166666666667, 0.0, 16.133333333333333, 90.1, 16.133333333333333, 16.133333333333333, 16.133333333333333, 16.133333333333333, 90.1, 16.133333333333333, 16.133333333333333, 16.133333333333333, 16.133333333333333, 16.133333333333333, 0.0, 390.6166666666667, 0.0, 0.0], [0.0, 374.51666666666665, 374.51666666666665, 390.6333333333333, 0.0, 390.6333333333333, 374.51666666666665, 302.95, 374.51666666666665, 374.51666666666665, 374.51666666666665, 374.51666666666665, 302.95, 374.51666666666665, 374.51666666666665, 374.51666666666665, 374.51666666666665, 374.51666666666665, 390.6333333333333, 0.0, 390.6333333333333, 0.0], [0.0, 16.133333333333333, 16.133333333333333, 0.0, 390.6166666666667, 0.0, 16.133333333333333, 90.1, 16.133333333333333, 16.133333333333333, 16.133333333333333, 16.133333333333333, 90.1, 16.133333333333333, 16.133333333333333, 16.133333333333333, 16.133333333333333, 16.133333333333333, 0.0, 390.6166666666667, 0.0, 0.0], [0.0, 0.0, 0.0, 0.0, 0.0, 0.0, 0.0, 0.0, 0.0, 0.0, 0.0, 0.0, 0.0, 0.0, 0.0, 0.0, 0.0, 0.0, 0.0, 0.0, 0.0, 0.0]], "T": [190, 190, 190, 190, 190, 190, 190, 190, 190, 190], "s": [0, 1, 1, 1, 1, 1, 1, 1, 1, 1, 1, 1, 1, 1, 1, 1, 1, 1, 1, 1, 1, 0], "e": [360.0, 766.0, 654.0, 663.0, 550.0, 286.0, 1078.0, 992.0, 950.0, 1028.0, 592.0, 946.0, 835.0, 844.0, 926.0, 467.0, 1079.0, 1066.95, 967.1, 1209.0, 609.1, 0.0], "a": [null, [780.0, 795.0, 810.0, 825.0, 840.0, 855.0, 870.0, 885.0, 900.0, 915.0, 930.0, 945.0, 960.0, 975.0, 990.0], [655.0, 670.0, 685.0, 700.0, 715.0, 730.0, 745.0, 760.0, 775.0, 790.0, 805.0], [676.0, 691.0, 706.0, 721.0, 736.0, 751.0, 766.0, 781.0, 796.0, 811.0, 826.0, 841.0, 856.0, 871.0], [550.0, 565.0, 580.0, 595.0], [299.0, 314.0, 329.0, 344.0, 359.0, 374.0, 389.0, 404.0, 419.0, 434.0, 449.0, 464.0, 479.0, 494.0], null, null, null, null, null, null, null, null, null, null, [1079.0, 1094.0, 1109.0, 1124.0, 1139.0, 1154.0, 1169.0, 1184.0, 1199.0, 1214.0, 1229.0, 1244.0, 1259.0, 1274.0, 1289.0, 1304.0], [1068.0, 1083.0, 1098.0, 1113.0, 1128.0, 1143.0, 1158.0, 1173.0, 1188.0, 1203.0, 1218.0], [981.0, 996.0, 1011.0, 1026.0, 1041.0, 1056.0, 1071.0, 1086.0, 1101.0, 1116.0, 1131.0, 1146.0, 1161.0, 1176.0], [1209.0, 1224.0, 1239.0, 1254.0], [623.0, 638.0, 653.0, 668.0, 683.0, 698.0, 713.0, 728.0, 743.0, 758.0, 773.0, 788.0, 803.0, 818.0], null], "b": [null, [795.0, 810.0, 825.0, 840.0, 855.0, 870.0, 885.0, 900.0, 915.0, 930.0, 945.0, 960.0, 975.0, 990.0, 1005.0], [670.0, 685.0, 700.0, 715.0, 730.0, 745.0, 760.0, 775.0, 790.0, 805.0, 820.0], [691.0, 706.0, 721.0, 736.0, 751.0, 766.0, 781.0, 796.0, 811.0, 826.0, 841.0, 856.0, 871.0, 886.0], [565.0, 580.0, 595.0, 610.0], [314.0, 329.0, 344.0, 359.0, 374.0, 389.0, 404.0, 419.0, 434.0, 449.0, 464.0, 479.0, 494.0, 509.0], null, null, null, null, null, null, null, null, null, null, [1094.0, 1109.0, 1124.0, 1139.0, 1154.0, 1169.0, 1184.0, 1199.0, 1214.0, 1229.0, 1244.0, 1259.0, 1274.0, 1289.0, 1304.0, 1319.0], [1083.0, 1098.0, 1113.0, 1128.0, 1143.0, 1158.0, 1173.0, 1188.0, 1203.0, 1218.0, 1233.0], [996.0, 1011.0, 1026.0, 1041.0, 1056.0, 1071.0, 1086.0, 1101.0, 1116.0, 1131.0, 1146.0, 1161.0, 1176.0, 1191.0], [1224.0, 1239.0, 1254.0, 1269.0], [638.0, 653.0, 668.0, 683.0, 698.0, 713.0, 728.0, 743.0, 758.0, 773.0, 788.0, 803.0, 818.0, 833.0], null],