{"V": [0, 1, 2, 3, 4, 5, 6, 7, 8, 9, 10, 11, 12, 13, 14, 15, 16, 17, 18, 19, 20, 21], "PHOSP": [6, 7, 8, 9, 10], "DHOSP": [11, 12, 13, 14, 15], "HOSP": [6, 7, 8, 9, 10, 11, 12, 13, 14, 15], "PHOME": [1, 2, 3, 4, 5], "DHOME": [16, 17, 18, 19, 20], "HOME": [1, 2, 3, 4, 5, 16, 17, 18, 19, 20], "P": [1, 2, 3, 4, 5, 6, 7, 8, 9, 10], "D": [11, 12, 13, 14, 15, 16, 17, 18, 19, 20], "PD": [1, 2, 3, 4, 5, 6, 7, 8, 9, 10, 11, 12, 13, 14, 15, 16, 17, 18, 19, 20], "n": 10, "Q": 7, "q": [0.0, 0.0, 0.0, 0.0, 1.0, 0.0, 0.0, 0.0, 0.0, 0.0, 0.0, 0.0, 0.0, 0.0, 0.0, 0.0, 0.0, 0.0, 0.0, 0.0, 0.0, 0.0], "t": [[0.0, 0.0, 0.0, 0.0, 0.0, 0.0, 0.0, 0.0, 0.0, 0.0, 0.0, 0.0, 0.0, 0.0, 0.0, 0.0, 0.0, 0.0, 0.0, 0.0, 0.0, 0.0], [0.0, 0.0, 0.4166666666666667, 25.766666666666666, 16.516666666666666, 16.516666666666666, 73.53333333333333, 73.53333333333333, 0.4166666666666667, 73.53333333333333, 73.53333333333333, 73.53333333333333, 73.53333333333333, 0.4166666666666667, 73.53333333333333, 73.53333333333333, 0.0, 0.4166666666666667, 25.766666666666666, 16.516666666666666, 16.516666666666666, 0.0], [0.0, 0.4166666666666667, 0.0, 25.35, 16.1, 16.1, 73.96666666666667, 73.96666666666667, 0.0, 73.96666666666667, 73.96666666666667, 73.96666666666667, 73.96666666666667, 0.0, 73.96666666666667, 73.96666666666667, 0.4166666666666667, 0.0, 25.35, 16.1, 16.1, 0.0], [0.0, 25.766666666666666, 25.35, 0.0, 25.55, 25.55, 99.31666666666666, 99.31666666666666, 25.35, 99.31666666666666, 99.31666666666666, 99.31666666666666, 99.31666666666666, 25.35, 99.31666666666666, 99.31666666666666, 25.766666666666666, 25.35, 0.0, 25.55, 25.55, 0.0], [0.0, 16.55, 16.133333333333333, 25.533333333333335, 0.0, 0.0, 90.1, 90.1, 16.133333333333333, 90.1, 90.1, 90.1, 90.1, 16.133333333333333, 90.1, 90.1, 16.55, 16.133333333333333, 25.533333333333335, 0.0, 0.0, 0.0], [0.0, 16.55, 16.133333333333333, 25.533333333333335, 0.0, 0.0, 90.1, 90.1, 16.133333333333333, 90.1, 90.1, 90.1, 90.1, 16.133333333333333, 90.1, 90.1, 16.55, 16.133333333333333, 25.533333333333335, 0.0, 0.0, 0.0], [0.0, 73.51666666666667, 73.95, 99.3, 90.05, 90.05, 0.0, 0.0, 73.95, 0.0, 0.0, 0.0, 0.0, 73.95, 0.0, 0.0, 73.51666666666667, 73.95, 99.3, 90.05, 90.05, 0.0], [0.0, 73.51666666666667, 73.95, 99.3, 90.05, 90.05, 0.0, 0.0, 73.95, 0.0, 0.0, 0.0, 0.0, 73.95, 0.0, 0.0, 73.51666666666667, 73.95, 99.3, 90.05, 90.05, 0.0], [0.0, 0.4166666666666667, 0.0, 25.35, 16.1, 16.1, 73.96666666666667, 73.96666666666667, 0.0, 73.96666666666667, 73.96666666666667, 73.96666666666667, 73.96666666666667, 0.0, 73.96666666666667, 73.96666666666667, 0.4166666666666667, 0.0, 25.35, 16.1, 16.1, 0.0], [0.0, 73.51666666666667, 73.95, 99.3, 90.05, 90.05, 0.0, 0.0, 73.95, 0.0, 0.0, 0.0, 0.0, 73.95, 0.0, 0.0, 73.51666666666667, 73.95, 99.3, 90.05, 90.05, 0.0], [0.0, 73.51666666666667, 73.95, 99.3, 90.05, 90.05, 0.0, 0.0, 73.95, 0.0, 0.0, 0.0, 0.0, 73.95, 0.0, 0.0, 73.51666666666667, 73.95, 99.3, 90.05, 90.05, 0.0], [0.0, 73.51666666666667, 73.95, 99.3, 90.05, 90.05, 0.0, 0.0, 73.95, 0.0, 0.0, 0.0, 0.0, 73.95, 0.0, 0.0, 73.51666666666667, 73.95, 99.3, 90.05, 90.05, 0.0], [0.0, 73.51666666666667, 73.95, 99.3, 90.05, 90.05, 0.0, 0.0, 73.95, 0.0, 0.0, 0.0, 0.0, 73.95, 0.0, 0.0, 73.51666666666667, 73.95, 99.3, 90.05, 90.05, 0.0], [0.0, 0.4166666666666667, 0.0, 25.35, 16.1, 16.1, 73.96666666666667, 73.96666666666667, 0.0, 73.96666666666667, 73.96666666666667, 73.96666666666667, 73.96666666666667, 0.0, 73.96666666666667, 73.96666666666667, 0.4166666666666667, 0.0, 25.35, 16.1, 16.1, 0.0], [0.0, 73.51666666666667, 73.95, 99.3, 90.05, 90.05, 0.0, 0.0, 73.95, 0.0, 0.0, 0.0, 0.0, 73.95, 0.0, 0.0, 73.51666666666667, 73.95, 99.3, 90.05, 90.05, 0.0], [0.0, 73.51666666666667, 73.95, 99.3, 90.05, 90.05, 0.0, 0.0, 73.95, 0.0, 0.0, 0.0, 0.0, 73.95, 0.0, 0.0, 73.51666666666667, 73.95, 99.3, 90.05, 90.05, 0.0], [0.0, 0.0, 0.4166666666666667, 25.766666666666666, 16.516666666666666, 16.516666666666666, 73.53333333333333, 73.53333333333333, 0.4166666666666667, 73.53333333333333, 73.53333333333333, 73.53333333333333, 73.53333333333333, 0.4166666666666667, 73.53333333333333, 73.53333333333333, 0.0, 0.4166666666666667, 25.766666666666666, 16.516666666666666, 16.516666666666666, 0.0], [0.0, 0.4166666666666667, 0.0, 25.35, 16.1, 16.1, 73.96666666666667, 73.96666666666667, 0.0, 73.96666666666667, 73.96666666666667, 73.96666666666667, 73.96666666666667, 0.0, 73.96666666666667, 73.96666666666667, 0.4166666666666667, 0.0, 25.35, 16.1, 16.1, 0.0], [0.0, 25.766666666666666, 25.35, 0.0, 25.55, 25.55, 99.31666666666666, 99.31666666666666, 25.35, 99.31666666666666, 99.31666666666666, 99.31666666666666, 99.31666666666666, 25.35, 99.31666666666666, 99.31666666666666, 25.766666666666666, 25.35, 0.0, 25.55, 25.55, 0.0], [0.0, 16.55, 16.133333333333333, 25.533333333333335, 0.0, 0.0, 90.1, 90.1, 16.133333333333333, 90.1, 90.1, 90.1, 90.1, 16.133333333333333, 90.1, 90.1, 16.55, 16.133333333333333, 25.533333333333335, 0.0, 0.0, 0.0], [0.0, 16.55, 16.133333333333333, 25.533333333333335, 0.0, 0.0, 90.1, 90.1, 16.133333333333333, 90.1, 90.1, 90.1, 90.1, 16.133333333333333, 90.1, 90.1, 16.55, 16.133333333333333, 25.533333333333335, 0.0, 0.0, 0.0], [0.0, 0.0, 0.0, 0.0, 0.0, 0.0, 0.0, 0.0, 0.0, 0.0, 0.0, 0.0, 0.0, 0.0, 0.0, 0.0, 0.0, 0.0, 0.0, 0.0, 0.0, 0.0]], "T": [190, 190, 190, 190, 190, 190, 190, 190, 190, 190], "s": [0, 1, 1, 1, 1, 1, 1, 1, 1, 1, 1, 1, 1, 1, 1, 1, 1, 1, 1, 1, 1, 0], "e": [360.0, 638.0, 544.0, 578.0, 396.0, 430.0, 947.0, 875.0, 877.0, 724.0, 730.0, 818.0, 725.0, 759.0, 577.0, 611.0, 1021.5166666666667, 949.95, 903.35, 815.05, 821.05, 0.0], "a": [null, [638.0, 653.0, 668.0, 683.0, 698.0, 713.0, 728.0, 743.0, 758.0, 773.0, 788.0], [545.0, 560.0, 575.0, 590.0, 605.0, 620.0, 635.0, 650.0, 665.0, 680.0, 695.0], [582.0, 597.0, 612.0, 627.0, 642.0, 657.0, 672.0, 687.0, 702.0, 717.0, 732.0, 747.0, 762.0, 777.0], [410.0, 425.0, 440.0, 455.0, 470.0, 485.0, 500.0, 515.0, 530.0], [444.0, 459.0, 474.0, 489.0, 504.0, 519.0, 534.0, 549.0, 564.0], null, null, null, null, null, null, null, null, null, null, [1023.0, 1038.0, 1053.0, 1068.0, 1083.0, 1098.0, 1113.0, 1128.0, 1143.0, 1158.0, 1173.0], [951.0, 966.0, 981.0, 996.0, 1011.0, 1026.0, 1041.0, 1056.0, 1071.0, 1086.0, 1101.0], [908.0, 923.0, 938.0, 953.0, 968.0, 983.0, 998.0, 1013.0, 1028.0, 1043.0, 1058.0, 1073.0, 1088.0, 1103.0], [830.0, 845.0, 860.0, 875.0, 890.0, 905.0, 920.0, 935.0, 950.0], [836.0, 851.0, 866.0, 881.0, 896.0, 911.0, 926.0, 941.0, 956.0], null], "b": [null, [653.0, 668.0, 683.0, 698.0, 713.0, 728.0, 743.0, 758.0, 773.0, 788.0, 803.0], [560.0, 575.0, 590.0, 605.0, 620.0, 635.0, 650.0, 665.0, 680.0, 695.0, 710.0], [597.0, 612.0, 627.0, 642.0, 657.0, 672.0, 687.0, 702.0, 717.0, 732.0, 747.0, 762.0, 777.0, 792.0], [425.0, 440.0, 455.0, 470.0, 485.0, 500.0, 515.0, 530.0, 545.0], [459.0, 474.0, 489.0, 504.0, 519.0, 534.0, 549.0, 564.0, 579.0], null, null, null, null, null, null, null, null, null, null, [1038.0, 1053.0, 1068.0, 1083.0, 1098.0, 1113.0, 1128.0, 1143.0, 1158.0, 1173.0, 1188.0], [966.0, 981.0, 996.0, 1011.0, 1026.0, 1041.0, 1056.0, 1071.0, 1086.0, 1101.0, 1116.0], [923.0, 938.0, 953.0, 968.0, 983.0, 998.0, 1013.0, 1028.0, 1043.0, 1058.0, 1073.0, 1088.0, 1103.0, 1118.0], [845.0, 860.0, 875.0, 890.0, 905.0, 920.0, 935.0, 950.0, 965.0], [851.0, 866.0, 881.0, 896.0, 911.0, 926.0, 941.0, 956.0, 971.0], null], "p": [null, [3.0, 2.0, 1.0, 0.0, 1.0, 2.0, 3.0, 4.0, 5.0, 6.0, 7.0], [6.0, 5.0, 4.0, 3.0, 2.0, 1.0, 0.0, 1.0, 2.0, 3.0, 4.0], [4.0, 3.0, 2.0, 1.0, 0.0, 1.0, 2.0, 3.0, 4.0, 5.0, 6.0, 7.0, 8.0, 9.0], [4.0, 3.0, 2.0, 1.0, 0.0, 1.0, 2.0, 3.0, 4.0], [6.0, 5.0, 4.0, 3.0, 2.0, 1.0, 0.0, 1.0, 2.0], null, null, null, null, null, null, null, null, null, null, [9.0, 8.0, 7.0, 6.0, 5.0, 4.0, 3.0, 2.0, 1.0, 0.0, 1.0], [3.0, 2.0, 1.0, 0.0, 1.0, 2.0, 3.0, 4.0, 5.0, 6.0, 7.0], [1.0, 0.0, 1.0, 2.0, 3.0, 4.0, 5.0, 6.0, 7.0, 8.0, 9.0, 10.0, 11.0, 12.0], [1.0, 0.0, 1.0, 2.0, 3.0, 4.0, 5.0, 6.0, 7.0], [2.0, 1.0, 0.0, 1.0, 2.0, 3.0, 4.0, 5.0, 6.0], null],