{"V": [0, 1, 2, 3, 4, 5, 6, 7, 8, 9, 10, 11, 12, 13, 14, 15, 16, 17, 18, 19, 20, 21], "PHOSP": [6, 7, 8, 9, 10], "DHOSP": [11, 12, 13, 14, 15], "HOSP": [6, 7, 8, 9, 10, 11, 12, 13, 14, 15], "PHOME": [1, 2, 3, 4, 5], "P": [1, 2, 3, 4, 5, 6, 7, 8, 9, 10], "D": [11, 12, 13, 14, 15, 16, 17, 18, 19, 20], "PD": [1, 2, 3, 4, 5, 6, 7, 8, 9, 10, 11, 12, 13, 14, 15, 16, 17, 18, 19, 20], "n": 10, "Q": 7, "q": [0.0, 0.0, 0.0, 0.0, 1.0, 0.0, 0.0, 0.0, 0.0, 0.0, 0.0, 0.0, 0.0, 0.0, 0.0, 0.0, 0.0, 0.0, 0.0, 0.0, 0.0, 0.0], "t": [[0.0, 0.0, 0.0, 0.0, 0.0, 0.0, 0.0, 0.0, 0.0, 0.0, 0.0, 0.0, 0.0, 0.0, 0.0, 0.0, 0.0, 0.0, 0.0, 0.0, 0.0, 0.0], [0.0, 0.0, 16.616666666666667, 16.3, 16.133333333333333, 17.4, 90.1, 90.1, 90.1, 16.133333333333333, 90.1, 90.1, 90.1, 90.1, 16.133333333333333, 90.1, 0.0, 16.616666666666667, 16.3, 16.133333333333333, 17.4, 0.0], [0.0, 16.583333333333332, 0.0, 0.31666666666666665, 0.48333333333333334, 0.7666666666666667, 73.48333333333333, 73.48333333333333, 73.48333333333333, 0.48333333333333334, 73.48333333333333, 73.48333333333333, 73.48333333333333, 73.48333333333333, 0.48333333333333334, 73.48333333333333, 16.583333333333332, 0.0, 0.31666666666666665, 0.48333333333333334, 0.7666666666666667, 0.0], [0.0, 16.266666666666666, 0.31666666666666665, 0.0, 0.16666666666666666, 1.1, 73.8, 73.8, 73.8, 0.16666666666666666, 73.8, 73.8, 73.8, 73.8, 0.16666666666666666, 73.8, 16.266666666666666, 0.31666666666666665, 0.0, 0.16666666666666666, 1.1, 0.0], [0.0, 16.1, 0.48333333333333334, 0.16666666666666666, 0.0, 1.2666666666666666, 73.96666666666667, 73.96666666666667, 73.96666666666667, 0.0, 73.96666666666667, 73.96666666666667, 73.96666666666667, 73.96666666666667, 0.0, 73.96666666666667, 16.1, 0.48333333333333334, 0.16666666666666666, 0.0, 1.2666666666666666, 0.0], [0.0, 17.366666666666667, 0.7666666666666667, 1.1, 1.2666666666666666, 0.0, 72.7, 72.7, 72.7, 1.2666666666666666, 72.7, 72.7, 72.7, 72.7, 1.2666666666666666, 72.7, 17.366666666666667, 0.7666666666666667, 1.1, 1.2666666666666666, 0.0, 0.0], [0.0, 90.05, 73.45, 73.78333333333333, 73.95, 72.66666666666667, 0.0, 0.0, 0.0, 73.95, 0.0, 0.0, 0.0, 0.0, 73.95, 0.0, 90.05, 73.45, 73.78333333333333, 73.95, 72.66666666666667, 0.0], [0.0, 90.05, 73.45, 73.78333333333333, 73.95, 72.66666666666667, 0.0, 0.0, 0.0, 73.95, 0.0, 0.0, 0.0, 0.0, 73.95, 0.0, 90.05, 73.45, 73.78333333333333, 73.95, 72.66666666666667, 0.0], [0.0, 90.05, 73.45, 73.78333333333333, 73.95, 72.66666666666667, 0.0, 0.0, 0.0, 73.95, 0.0, 0.0, 0.0, 0.0, 73.95, 0.0, 90.05, 73.45, 73.78333333333333, 73.95, 72.66666666666667, 0.0], [0.0, 16.1, 0.48333333333333334, 0.16666666666666666, 0.0, 1.2666666666666666, 73.96666666666667, 73.96666666666667, 73.96666666666667, 0.0, 73.96666666666667, 73.96666666666667, 73.96666666666667, 73.96666666666667, 0.0, 73.96666666666667, 16.1, 0.48333333333333334, 0.16666666666666666, 0.0, 1.2666666666666666, 0.0], [0.0, 90.05, 73.45, 73.78333333333333, 73.95, 72.66666666666667, 0.0, 0.0, 0.0, 73.95, 0.0, 0.0, 0.0, 0.0, 73.95, 0.0, 90.05, 73.45, 73.78333333333333, 73.95, 72.66666666666667, 0.0], [0.0, 90.05, 73.45, 73.78333333333333, 73.95, 72.66666666666667, 0.0, 0.0, 0.0, 73.95, 0.0, 0.0, 0.0, 0.0, 73.95, 0.0, 90.05, 73.45, 73.78333333333333, 73.95, 72.66666666666667, 0.0], [0.0, 90.05, 73.45, 73.78333333333333, 73.95, 72.66666666666667, 0.0, 0.0, 0.0, 73.95, 0.0, 0.0, 0.0, 0.0, 73.95, 0.0, 90.05, 73.45, 73.78333333333333, 73.95, 72.66666666666667, 0.0], [0.0, 90.05, 73.45, 73.78333333333333, 73.95, 72.66666666666667, 0.0, 0.0, 0.0, 73.95, 0.0, 0.0, 0.0, 0.0, 73.95, 0.0, 90.05, 73.45, 73.78333333333333, 73.95, 72.66666666666667, 0.0], [0.0, 16.1, 0.48333333333333334, 0.16666666666666666, 0.0, 1.2666666666666666, 73.96666666666667, 73.96666666666667, 73.96666666666667, 0.0, 73.96666666666667, 73.96666666666667, 73.96666666666667, 73.96666666666667, 0.0, 73.96666666666667, 16.1, 0.48333333333333334, 0.16666666666666666, 0.0, 1.2666666666666666, 0.0], [0.0, 90.05, 73.45, 73.78333333333333, 73.95, 72.66666666666667, 0.0, 0.0, 0.0, 73.95, 0.0, 0.0, 0.0, 0.0, 73.95, 0.0, 90.05, 73.45, 73.78333333333333, 73.95, 72.66666666666667, 0.0], [0.0, 0.0, 16.616666666666667, 16.3, 16.133333333333333, 17.4, 90.1, 90.1, 90.1, 16.133333333333333, 90.1, 90.1, 90.1, 90.1, 16.133333333333333, 90.1, 0.0, 16.616666666666667, 16.3, 16.133333333333333, 17.4, 0.0], [0.0, 16.583333333333332, 0.0, 0.31666666666666665, 0.48333333333333334, 0.7666666666666667, 73.48333333333333, 73.48333333333333, 73.48333333333333, 0.48333333333333334, 73.48333333333333, 73.48333333333333, 73.48333333333333, 73.48333333333333, 0.48333333333333334, 73.48333333333333, 16.583333333333332, 0.0, 0.31666666666666665, 0.48333333333333334, 0.7666666666666667, 0.0], [0.0, 16.266666666666666, 0.31666666666666665, 0.0, 0.16666666666666666, 1.1, 73.8, 73.8, 73.8, 0.16666666666666666, 73.8, 73.8, 73.8, 73.8, 0.16666666666666666, 73.8, 16.266666666666666, 0.31666666666666665, 0.0, 0.16666666666666666, 1.1, 0.0], [0.0, 16.1, 0.48333333333333334, 0.16666666666666666, 0.0, 1.2666666666666666, 73.96666666666667, 73.96666666666667, 73.96666666666667, 0.0, 73.96666666666667, 73.96666666666667, 73.96666666666667, 73.96666666666667, 0.0, 73.96666666666667, 16.1, 0.48333333333333334, 0.16666666666666666, 0.0, 1.2666666666666666, 0.0], [0.0, 17.366666666666667, 0.7666666666666667, 1.1, 1.2666666666666666, 0.0, 72.7, 72.7, 72.7, 1.2666666666666666, 72.7, 72.7, 72.7, 72.7, 1.2666666666666666, 72.7, 17.366666666666667, 0.7666666666666667, 1.1, 1.2666666666666666, 0.0, 0.0], [0.0, 0.0, 0.0, 0.0, 0.0, 0.0, 0.0, 0.0, 0.0, 0.0, 0.0, 0.0, 0.0, 0.0, 0.0, 0.0, 0.0, 0.0, 0.0, 0.0, 0.0, 0.0]], "T": [2000, 2000, 2000, 2000, 2000, 2000, 2000, 2000, 2000, 2000], "s": [0, 1, 1, 1, 1, 1, 1, 1, 1, 1, 1, 1, 1, 1, 1, 1, 1, 1, 1, 1, 1, 0], "e": [360.0, 420.0, 489.0, 717.0, 439.0, 373.0, 694.0, 805.0, 1049.0, 725.0, 669.0, 600.0, 670.0, 898.0, 620.0, 554.0, 711.2666666666667, 806.4833333333333, 1051.1, 726.0, 670.0, 0.0],